guardian_code,first_name,last_name,gender,date_of_birth,mobile,email,guardian_type,status
GRD001,Chaitanya,Rao,MALE,1985-02-02,9849000001,parent.tarun.rao1@telanganaparents.org,FATHER,ACTIVE
GRD002,Vikram,Reddy,MALE,1984-03-03,9849000002,parent.aakanksha.reddy2@telanganaparents.org,FATHER,ACTIVE
GRD003,Ishwarya,Sharma,FEMALE,1983-04-04,9849000003,parent.koushik.sharma3@telanganaparents.org,MOTHER,ACTIVE
GRD004,Deepak,Goud,MALE,1982-05-05,9849000004,parent.harshini.goud4@telanganaparents.org,FATHER,ACTIVE
GRD005,Bhavan,Chowdary,MALE,1981-06-06,9849000005,parent.vikram.chowdary5@telanganaparents.org,FATHER,ACTIVE
GRD006,Spandana,Varma,FEMALE,1980-07-07,9849000006,parent.shravani.varma6@telanganaparents.org,MOTHER,ACTIVE
GRD007,Arjun,Naidu,MALE,1979-08-08,9849000007,parent.satish.naidu7@telanganaparents.org,FATHER,ACTIVE
GRD008,Rishi,Gupta,MALE,1986-09-09,9849000008,parent.ruchitha.gupta8@telanganaparents.org,FATHER,ACTIVE
GRD009,Aakanksha,Murthy,FEMALE,1985-10-10,9849000009,parent.aditya.murthy9@telanganaparents.org,MOTHER,ACTIVE
GRD010,Harsha,Sastry,MALE,1984-11-11,9849000010,parent.anusha.sastry10@telanganaparents.org,FATHER,ACTIVE
GRD011,Santosh,Babu,MALE,1983-12-12,9849000011,parent.hemant.babu11@telanganaparents.org,FATHER,ACTIVE
GRD012,Aakanksha,Yadav,FEMALE,1982-01-13,9849000012,parent.sahithi.yadav12@telanganaparents.org,MOTHER,ACTIVE
GRD013,Goutham,Patel,MALE,1981-02-14,9849000013,parent.shashi.patel13@telanganaparents.org,FATHER,ACTIVE
GRD014,Teja,Venkatesh,MALE,1980-03-15,9849000014,parent.sirisha.venkatesh14@telanganaparents.org,FATHER,ACTIVE
GRD015,Radhika,Vemula,FEMALE,1979-04-16,9849000015,parent.venkatesh.vemula15@telanganaparents.org,MOTHER,ACTIVE
GRD016,Hemant,Bandi,MALE,1986-05-17,9849000016,parent.niharika.bandi16@telanganaparents.org,FATHER,ACTIVE
GRD017,Srikanth,Kandula,MALE,1985-06-18,9849000017,parent.rohit.kandula17@telanganaparents.org,FATHER,ACTIVE
GRD018,Sruthi,Gudepu,FEMALE,1984-07-19,9849000018,parent.jyothi.gudepu18@telanganaparents.org,MOTHER,ACTIVE
GRD019,Vinay,Singireddy,MALE,1983-08-20,9849000019,parent.aarav.singireddy19@telanganaparents.org,FATHER,ACTIVE
GRD020,Eshwar,Pothula,MALE,1982-09-21,9849000020,parent.sruthi.pothula20@telanganaparents.org,FATHER,ACTIVE
GRD021,Pallavi,Kondapalli,FEMALE,1981-10-22,9849000021,parent.venkatesh.kondapalli21@telanganaparents.org,MOTHER,ACTIVE
GRD022,Koushik,Malkapuram,MALE,1980-11-23,9849000022,parent.lavanya.malkapuram22@telanganaparents.org,FATHER,ACTIVE
GRD023,Harsha,Chintala,MALE,1979-12-24,9849000023,parent.dhanush.chintala23@telanganaparents.org,FATHER,ACTIVE
GRD024,Sravya,Gaddam,FEMALE,1986-01-25,9849000024,parent.vennela.gaddam24@telanganaparents.org,MOTHER,ACTIVE
GRD025,Bhavan,Boddu,MALE,1985-02-26,9849000025,parent.nikhil.boddu25@telanganaparents.org,FATHER,ACTIVE
GRD026,Praneeth,Maddela,MALE,1984-03-27,9849000026,parent.anusha.maddela26@telanganaparents.org,FATHER,ACTIVE
GRD027,Madhuri,Komati,FEMALE,1983-04-28,9849000027,parent.bhavan.komati27@telanganaparents.org,MOTHER,ACTIVE
GRD028,Pavan,Narra,MALE,1982-05-01,9849000028,parent.supriya.narra28@telanganaparents.org,FATHER,ACTIVE
GRD029,Karthik,Thota,MALE,1981-06-02,9849000029,parent.srinivas.thota29@telanganaparents.org,FATHER,ACTIVE
GRD030,Alekhya,Avula,FEMALE,1980-07-03,9849000030,parent.sruthi.avula30@telanganaparents.org,MOTHER,ACTIVE
GRD031,Sai,Siripuram,MALE,1979-08-04,9849000031,parent.vijay.siripuram31@telanganaparents.org,FATHER,ACTIVE
GRD032,Chaitanya,Yerra,MALE,1986-09-05,9849000032,parent.radhika.yerra32@telanganaparents.org,FATHER,ACTIVE
GRD033,Anusha,Goli,FEMALE,1985-10-06,9849000033,parent.praneeth.goli33@telanganaparents.org,MOTHER,ACTIVE
GRD034,Lokesh,Sunkari,MALE,1984-11-07,9849000034,parent.ramya.sunkari34@telanganaparents.org,FATHER,ACTIVE
GRD035,Tarun,Mothukuri,MALE,1983-12-08,9849000035,parent.manish.mothukuri35@telanganaparents.org,FATHER,ACTIVE
GRD036,Tanmayi,Dasari,FEMALE,1982-01-09,9849000036,parent.sameera.dasari36@telanganaparents.org,MOTHER,ACTIVE
GRD037,Siddharth,Challa,MALE,1981-02-10,9849000037,parent.pranav.challa37@telanganaparents.org,FATHER,ACTIVE
GRD038,Vignesh,Boya,MALE,1980-03-11,9849000038,parent.geetha.boya38@telanganaparents.org,FATHER,ACTIVE
GRD039,Alekhya,Kammari,FEMALE,1979-04-12,9849000039,parent.anirudh.kammari39@telanganaparents.org,MOTHER,ACTIVE
GRD040,Hemant,Vangala,MALE,1986-05-13,9849000040,parent.sharanya.vangala40@telanganaparents.org,FATHER,ACTIVE
GRD041,Lokesh,Nallam,MALE,1985-06-14,9849000041,parent.vishnu.nallam41@telanganaparents.org,FATHER,ACTIVE
GRD042,Supriya,Katakam,FEMALE,1984-07-15,9849000042,parent.anusha.katakam42@telanganaparents.org,MOTHER,ACTIVE
GRD043,Bhavan,Gampa,MALE,1983-08-16,9849000043,parent.hemant.gampa43@telanganaparents.org,FATHER,ACTIVE
GRD044,Koushik,Peddinti,MALE,1982-09-17,9849000044,parent.meghana.peddinti44@telanganaparents.org,FATHER,ACTIVE
GRD045,Sandhya,Komuravelli,FEMALE,1981-10-18,9849000045,parent.sai.komuravelli45@telanganaparents.org,MOTHER,ACTIVE
GRD046,Pranav,Polisetty,MALE,1980-11-19,9849000046,parent.suhasini.polisetty46@telanganaparents.org,FATHER,ACTIVE
GRD047,Pranav,Katta,MALE,1979-12-20,9849000047,parent.eshwar.katta47@telanganaparents.org,FATHER,ACTIVE
GRD048,Harini,Chilukuri,FEMALE,1986-01-21,9849000048,parent.madhuri.chilukuri48@telanganaparents.org,MOTHER,ACTIVE
GRD049,Koushik,Medasani,MALE,1985-02-22,9849000049,parent.uday.medasani49@telanganaparents.org,FATHER,ACTIVE
GRD050,Varun,Nimmagadda,MALE,1984-03-23,9849000050,parent.sindhu.nimmagadda50@telanganaparents.org,FATHER,ACTIVE
GRD051,Ananya,Rao,FEMALE,1983-04-24,9849000051,parent.teja.rao51@telanganaparents.org,MOTHER,ACTIVE
GRD052,Tarun,Reddy,MALE,1982-05-25,9849000052,parent.sahithi.reddy52@telanganaparents.org,FATHER,ACTIVE
GRD053,Satish,Sharma,MALE,1981-06-26,9849000053,parent.eshwar.sharma53@telanganaparents.org,FATHER,ACTIVE
GRD054,Ishwarya,Goud,FEMALE,1980-07-27,9849000054,parent.sneha.goud54@telanganaparents.org,MOTHER,ACTIVE
GRD055,Sai,Chowdary,MALE,1979-08-28,9849000055,parent.eshwar.chowdary55@telanganaparents.org,FATHER,ACTIVE
GRD056,Koushik,Varma,MALE,1986-09-01,9849000056,parent.meghana.varma56@telanganaparents.org,FATHER,ACTIVE
GRD057,Sindhu,Naidu,FEMALE,1985-10-02,9849000057,parent.tarun.naidu57@telanganaparents.org,MOTHER,ACTIVE
GRD058,Hemant,Gupta,MALE,1984-11-03,9849000058,parent.ramya.gupta58@telanganaparents.org,FATHER,ACTIVE
GRD059,Naveen,Murthy,MALE,1983-12-04,9849000059,parent.varun.murthy59@telanganaparents.org,FATHER,ACTIVE
GRD060,Sreeja,Sastry,FEMALE,1982-01-05,9849000060,parent.suhasini.sastry60@telanganaparents.org,MOTHER,ACTIVE
GRD061,Akhil,Babu,MALE,1980-02-06,9849000061,parent.vishnu.babu61@telanganaparents.org,FATHER,ACTIVE
GRD062,Madhav,Yadav,MALE,1979-03-07,9849000062,parent.harshini.yadav62@telanganaparents.org,FATHER,ACTIVE
GRD063,Sruthi,Patel,FEMALE,1978-04-08,9849000063,parent.aditya.patel63@telanganaparents.org,MOTHER,ACTIVE
GRD064,Rahul,Venkatesh,MALE,1985-05-09,9849000064,parent.krithi.venkatesh64@telanganaparents.org,FATHER,ACTIVE
GRD065,Anirudh,Vemula,MALE,1984-06-10,9849000065,parent.koushik.vemula65@telanganaparents.org,FATHER,ACTIVE
GRD066,Vaishnavi,Bandi,FEMALE,1983-07-11,9849000066,parent.harini.bandi66@telanganaparents.org,MOTHER,ACTIVE
GRD067,Vignesh,Kandula,MALE,1982-08-12,9849000067,parent.siddharth.kandula67@telanganaparents.org,FATHER,ACTIVE
GRD068,Harsha,Gudepu,MALE,1981-09-13,9849000068,parent.krithi.gudepu68@telanganaparents.org,FATHER,ACTIVE
GRD069,Pravallika,Singireddy,FEMALE,1980-10-14,9849000069,parent.teja.singireddy69@telanganaparents.org,MOTHER,ACTIVE
GRD070,Teja,Pothula,MALE,1979-11-15,9849000070,parent.navya.pothula70@telanganaparents.org,FATHER,ACTIVE
GRD071,Dhanush,Kondapalli,MALE,1978-12-16,9849000071,parent.sai.kondapalli71@telanganaparents.org,FATHER,ACTIVE
GRD072,Bhavya,Malkapuram,FEMALE,1985-01-17,9849000072,parent.jahnavi.malkapuram72@telanganaparents.org,MOTHER,ACTIVE
GRD073,Vikram,Chintala,MALE,1984-02-18,9849000073,parent.kalyan.chintala73@telanganaparents.org,FATHER,ACTIVE
GRD074,Satish,Gaddam,MALE,1983-03-19,9849000074,parent.ramya.gaddam74@telanganaparents.org,FATHER,ACTIVE
GRD075,Spandana,Boddu,FEMALE,1982-04-20,9849000075,parent.karthik.boddu75@telanganaparents.org,MOTHER,ACTIVE
GRD076,Rishi,Maddela,MALE,1981-05-21,9849000076,parent.ruchitha.maddela76@telanganaparents.org,FATHER,ACTIVE
GRD077,Rahul,Komati,MALE,1980-06-22,9849000077,parent.srikanth.komati77@telanganaparents.org,FATHER,ACTIVE
GRD078,Harshini,Narra,FEMALE,1979-07-23,9849000078,parent.manasa.narra78@telanganaparents.org,MOTHER,ACTIVE
GRD079,Santosh,Thota,MALE,1978-08-24,9849000079,parent.deepak.thota79@telanganaparents.org,FATHER,ACTIVE
GRD080,Arjun,Avula,MALE,1985-09-25,9849000080,parent.pravallika.avula80@telanganaparents.org,FATHER,ACTIVE
GRD081,Amrutha,Siripuram,FEMALE,1984-10-26,9849000081,parent.vinay.siripuram81@telanganaparents.org,MOTHER,ACTIVE
GRD082,Chaitanya,Yerra,MALE,1983-11-27,9849000082,parent.swathi.yerra82@telanganaparents.org,FATHER,ACTIVE
GRD083,Tarun,Goli,MALE,1982-12-28,9849000083,parent.dhanush.goli83@telanganaparents.org,FATHER,ACTIVE
GRD084,Srini,Sunkari,FEMALE,1981-01-01,9849000084,parent.deepika.sunkari84@telanganaparents.org,MOTHER,ACTIVE
GRD085,Rishi,Mothukuri,MALE,1980-02-02,9849000085,parent.varun.mothukuri85@telanganaparents.org,FATHER,ACTIVE
GRD086,Anirudh,Dasari,MALE,1979-03-03,9849000086,parent.sahithi.dasari86@telanganaparents.org,FATHER,ACTIVE
GRD087,Meghana,Challa,FEMALE,1978-04-04,9849000087,parent.praneeth.challa87@telanganaparents.org,MOTHER,ACTIVE
GRD088,Sai,Boya,MALE,1985-05-05,9849000088,parent.sahithi.boya88@telanganaparents.org,FATHER,ACTIVE
GRD089,Karthik,Kammari,MALE,1984-06-06,9849000089,parent.sarath.kammari89@telanganaparents.org,FATHER,ACTIVE
GRD090,Ramya,Vangala,FEMALE,1983-07-07,9849000090,parent.yamini.vangala90@telanganaparents.org,MOTHER,ACTIVE
GRD091,Varun,Nallam,MALE,1982-08-08,9849000091,parent.aarav.nallam91@telanganaparents.org,FATHER,ACTIVE
GRD092,Chaitanya,Katakam,MALE,1981-09-09,9849000092,parent.sneha.katakam92@telanganaparents.org,FATHER,ACTIVE
GRD093,Tanmayi,Gampa,FEMALE,1980-10-10,9849000093,parent.varun.gampa93@telanganaparents.org,MOTHER,ACTIVE
GRD094,Vinay,Peddinti,MALE,1979-11-11,9849000094,parent.radhika.peddinti94@telanganaparents.org,FATHER,ACTIVE
GRD095,Vishnu,Komuravelli,MALE,1978-12-12,9849000095,parent.koushik.komuravelli95@telanganaparents.org,FATHER,ACTIVE
GRD096,Lavanya,Polisetty,FEMALE,1985-01-13,9849000096,parent.sanjana.polisetty96@telanganaparents.org,MOTHER,ACTIVE
GRD097,Lokesh,Katta,MALE,1984-02-14,9849000097,parent.chaitanya.katta97@telanganaparents.org,FATHER,ACTIVE
GRD098,Eshwar,Chilukuri,MALE,1983-03-15,9849000098,parent.pallavi.chilukuri98@telanganaparents.org,FATHER,ACTIVE
GRD099,Aadhya,Medasani,FEMALE,1982-04-16,9849000099,parent.sai.medasani99@telanganaparents.org,MOTHER,ACTIVE
GRD100,Vijay,Nimmagadda,MALE,1981-05-17,9849000100,parent.vennela.nimmagadda100@telanganaparents.org,FATHER,ACTIVE
GRD101,Karthik,Rao,MALE,1980-06-18,9849000101,parent.vijay.rao101@telanganaparents.org,FATHER,ACTIVE
GRD102,Pratyusha,Reddy,FEMALE,1979-07-19,9849000102,parent.yamini.reddy102@telanganaparents.org,MOTHER,ACTIVE
GRD103,Ganesh,Sharma,MALE,1978-08-20,9849000103,parent.vinay.sharma103@telanganaparents.org,FATHER,ACTIVE
GRD104,Bhavan,Goud,MALE,1985-09-21,9849000104,parent.pratyusha.goud104@telanganaparents.org,FATHER,ACTIVE
GRD105,Keerthi,Chowdary,FEMALE,1984-10-22,9849000105,parent.tarun.chowdary105@telanganaparents.org,MOTHER,ACTIVE
GRD106,Tarun,Varma,MALE,1983-11-23,9849000106,parent.suhasini.varma106@telanganaparents.org,FATHER,ACTIVE
GRD107,Srinivas,Naidu,MALE,1982-12-24,9849000107,parent.santosh.naidu107@telanganaparents.org,FATHER,ACTIVE
GRD108,Chandana,Gupta,FEMALE,1981-01-25,9849000108,parent.geetha.gupta108@telanganaparents.org,MOTHER,ACTIVE
GRD109,Vinay,Murthy,MALE,1980-02-26,9849000109,parent.pranav.murthy109@telanganaparents.org,FATHER,ACTIVE
GRD110,Satish,Sastry,MALE,1979-03-27,9849000110,parent.deepika.sastry110@telanganaparents.org,FATHER,ACTIVE
GRD111,Vandana,Babu,FEMALE,1978-04-28,9849000111,parent.vishnu.babu111@telanganaparents.org,MOTHER,ACTIVE
GRD112,Aarav,Yadav,MALE,1985-05-01,9849000112,parent.priyanka.yadav112@telanganaparents.org,FATHER,ACTIVE
GRD113,Naveen,Patel,MALE,1984-06-02,9849000113,parent.srinivas.patel113@telanganaparents.org,FATHER,ACTIVE
GRD114,Aakanksha,Venkatesh,FEMALE,1983-07-03,9849000114,parent.pravallika.venkatesh114@telanganaparents.org,MOTHER,ACTIVE
GRD115,Pranav,Vemula,MALE,1982-08-04,9849000115,parent.chaitanya.vemula115@telanganaparents.org,FATHER,ACTIVE
GRD116,Manish,Bandi,MALE,1981-09-05,9849000116,parent.tanmayi.bandi116@telanganaparents.org,FATHER,ACTIVE
GRD117,Keerthi,Kandula,FEMALE,1980-10-06,9849000117,parent.chandra.kandula117@telanganaparents.org,MOTHER,ACTIVE
GRD118,Akhil,Gudepu,MALE,1979-11-07,9849000118,parent.ishwarya.gudepu118@telanganaparents.org,FATHER,ACTIVE
GRD119,Siddharth,Singireddy,MALE,1978-12-08,9849000119,parent.kalyan.singireddy119@telanganaparents.org,FATHER,ACTIVE
GRD120,Anusha,Pothula,FEMALE,1985-01-09,9849000120,parent.varshini.pothula120@telanganaparents.org,MOTHER,ACTIVE
GRD121,Vijay,Kondapalli,MALE,1983-02-10,9849000121,parent.arjun.kondapalli121@telanganaparents.org,FATHER,ACTIVE
GRD122,Madhav,Malkapuram,MALE,1982-03-11,9849000122,parent.pravallika.malkapuram122@telanganaparents.org,FATHER,ACTIVE
GRD123,Yamini,Chintala,FEMALE,1981-04-12,9849000123,parent.anirudh.chintala123@telanganaparents.org,MOTHER,ACTIVE
GRD124,Satish,Gaddam,MALE,1980-05-13,9849000124,parent.sravya.gaddam124@telanganaparents.org,FATHER,ACTIVE
GRD125,Deepak,Boddu,MALE,1979-06-14,9849000125,parent.vishnu.boddu125@telanganaparents.org,FATHER,ACTIVE
GRD126,Sharanya,Maddela,FEMALE,1978-07-15,9849000126,parent.bhavya.maddela126@telanganaparents.org,MOTHER,ACTIVE
GRD127,Shashi,Komati,MALE,1977-08-16,9849000127,parent.sameer.komati127@telanganaparents.org,FATHER,ACTIVE
GRD128,Karthik,Narra,MALE,1984-09-17,9849000128,parent.deepika.narra128@telanganaparents.org,FATHER,ACTIVE
GRD129,Swathi,Thota,FEMALE,1983-10-18,9849000129,parent.sarath.thota129@telanganaparents.org,MOTHER,ACTIVE
GRD130,Rishi,Avula,MALE,1982-11-19,9849000130,parent.sahithi.avula130@telanganaparents.org,FATHER,ACTIVE
GRD131,Satish,Siripuram,MALE,1981-12-20,9849000131,parent.harsha.siripuram131@telanganaparents.org,FATHER,ACTIVE
GRD132,Sneha,Yerra,FEMALE,1980-01-21,9849000132,parent.sravya.yerra132@telanganaparents.org,MOTHER,ACTIVE
GRD133,Goutham,Goli,MALE,1979-02-22,9849000133,parent.venkatesh.goli133@telanganaparents.org,FATHER,ACTIVE
GRD134,Manoj,Sunkari,MALE,1978-03-23,9849000134,parent.sirisha.sunkari134@telanganaparents.org,FATHER,ACTIVE
GRD135,Sharanya,Mothukuri,FEMALE,1977-04-24,9849000135,parent.rahul.mothukuri135@telanganaparents.org,MOTHER,ACTIVE
GRD136,Pranav,Dasari,MALE,1984-05-25,9849000136,parent.sanjana.dasari136@telanganaparents.org,FATHER,ACTIVE
GRD137,Sarath,Challa,MALE,1983-06-26,9849000137,parent.rohit.challa137@telanganaparents.org,FATHER,ACTIVE
GRD138,Bhavana,Boya,FEMALE,1982-07-27,9849000138,parent.pavani.boya138@telanganaparents.org,MOTHER,ACTIVE
GRD139,Hemant,Kammari,MALE,1981-08-28,9849000139,parent.kalyan.kammari139@telanganaparents.org,FATHER,ACTIVE
GRD140,Nikhil,Vangala,MALE,1980-09-01,9849000140,parent.ananya.vangala140@telanganaparents.org,FATHER,ACTIVE
GRD141,Ruchitha,Nallam,FEMALE,1979-10-02,9849000141,parent.abhinav.nallam141@telanganaparents.org,MOTHER,ACTIVE
GRD142,Hemant,Katakam,MALE,1978-11-03,9849000142,parent.ramya.katakam142@telanganaparents.org,FATHER,ACTIVE
GRD143,Hemant,Gampa,MALE,1977-12-04,9849000143,parent.srikanth.gampa143@telanganaparents.org,FATHER,ACTIVE
GRD144,Ananya,Peddinti,FEMALE,1984-01-05,9849000144,parent.aadhya.peddinti144@telanganaparents.org,MOTHER,ACTIVE
GRD145,Tarun,Komuravelli,MALE,1983-02-06,9849000145,parent.vignesh.komuravelli145@telanganaparents.org,FATHER,ACTIVE
GRD146,Hemant,Polisetty,MALE,1982-03-07,9849000146,parent.amrutha.polisetty146@telanganaparents.org,FATHER,ACTIVE
GRD147,Tejaswi,Katta,FEMALE,1981-04-08,9849000147,parent.anirudh.katta147@telanganaparents.org,MOTHER,ACTIVE
GRD148,Nikhil,Chilukuri,MALE,1980-05-09,9849000148,parent.alekhya.chilukuri148@telanganaparents.org,FATHER,ACTIVE
GRD149,Santosh,Medasani,MALE,1979-06-10,9849000149,parent.anirudh.medasani149@telanganaparents.org,FATHER,ACTIVE
GRD150,Jyothi,Nimmagadda,FEMALE,1978-07-11,9849000150,parent.ishwarya.nimmagadda150@telanganaparents.org,MOTHER,ACTIVE
GRD151,Sandeep,Rao,MALE,1977-08-12,9849000151,parent.uday.rao151@telanganaparents.org,FATHER,ACTIVE
GRD152,Satish,Reddy,MALE,1984-09-13,9849000152,parent.harini.reddy152@telanganaparents.org,FATHER,ACTIVE
GRD153,Sneha,Sharma,FEMALE,1983-10-14,9849000153,parent.deepak.sharma153@telanganaparents.org,MOTHER,ACTIVE
GRD154,Siddharth,Goud,MALE,1982-11-15,9849000154,parent.vandana.goud154@telanganaparents.org,FATHER,ACTIVE
GRD155,Sameer,Chowdary,MALE,1981-12-16,9849000155,parent.siddharth.chowdary155@telanganaparents.org,FATHER,ACTIVE
GRD156,Srini,Varma,FEMALE,1980-01-17,9849000156,parent.ishwarya.varma156@telanganaparents.org,MOTHER,ACTIVE
GRD157,Chandra,Naidu,MALE,1979-02-18,9849000157,parent.sameer.naidu157@telanganaparents.org,FATHER,ACTIVE
GRD158,Goutham,Gupta,MALE,1978-03-19,9849000158,parent.niharika.gupta158@telanganaparents.org,FATHER,ACTIVE
GRD159,Archana,Murthy,FEMALE,1977-04-20,9849000159,parent.bhavan.murthy159@telanganaparents.org,MOTHER,ACTIVE
GRD160,Rishi,Sastry,MALE,1984-05-21,9849000160,parent.sharanya.sastry160@telanganaparents.org,FATHER,ACTIVE
GRD161,Rishi,Babu,MALE,1983-06-22,9849000161,parent.pavan.babu161@telanganaparents.org,FATHER,ACTIVE
GRD162,Pooja,Yadav,FEMALE,1982-07-23,9849000162,parent.niharika.yadav162@telanganaparents.org,MOTHER,ACTIVE
GRD163,Akhil,Patel,MALE,1981-08-24,9849000163,parent.vijay.patel163@telanganaparents.org,FATHER,ACTIVE
GRD164,Teja,Venkatesh,MALE,1980-09-25,9849000164,parent.shravani.venkatesh164@telanganaparents.org,FATHER,ACTIVE
GRD165,Archana,Vemula,FEMALE,1979-10-26,9849000165,parent.teja.vemula165@telanganaparents.org,MOTHER,ACTIVE
GRD166,Rahul,Bandi,MALE,1978-11-27,9849000166,parent.amrutha.bandi166@telanganaparents.org,FATHER,ACTIVE
GRD167,Nikhil,Kandula,MALE,1977-12-28,9849000167,parent.vijay.kandula167@telanganaparents.org,FATHER,ACTIVE
GRD168,Swathi,Gudepu,FEMALE,1984-01-01,9849000168,parent.sruthi.gudepu168@telanganaparents.org,MOTHER,ACTIVE
GRD169,Kalyan,Singireddy,MALE,1983-02-02,9849000169,parent.bhavan.singireddy169@telanganaparents.org,FATHER,ACTIVE
GRD170,Goutham,Pothula,MALE,1982-03-03,9849000170,parent.geetha.pothula170@telanganaparents.org,FATHER,ACTIVE
GRD171,Pavani,Kondapalli,FEMALE,1981-04-04,9849000171,parent.satish.kondapalli171@telanganaparents.org,MOTHER,ACTIVE
GRD172,Rishi,Malkapuram,MALE,1980-05-05,9849000172,parent.bhavya.malkapuram172@telanganaparents.org,FATHER,ACTIVE
GRD173,Koushik,Chintala,MALE,1979-06-06,9849000173,parent.ganesh.chintala173@telanganaparents.org,FATHER,ACTIVE
GRD174,Ishwarya,Gaddam,FEMALE,1978-07-07,9849000174,parent.pooja.gaddam174@telanganaparents.org,MOTHER,ACTIVE
GRD175,Rohit,Boddu,MALE,1977-08-08,9849000175,parent.anirudh.boddu175@telanganaparents.org,FATHER,ACTIVE
GRD176,Shashi,Maddela,MALE,1984-09-09,9849000176,parent.sruthi.maddela176@telanganaparents.org,FATHER,ACTIVE
GRD177,Amrutha,Komati,FEMALE,1983-10-10,9849000177,parent.bhavan.komati177@telanganaparents.org,MOTHER,ACTIVE
GRD178,Satish,Narra,MALE,1982-11-11,9849000178,parent.sanjana.narra178@telanganaparents.org,FATHER,ACTIVE
GRD179,Aarav,Thota,MALE,1981-12-12,9849000179,parent.manish.thota179@telanganaparents.org,FATHER,ACTIVE
GRD180,Anusha,Avula,FEMALE,1980-01-13,9849000180,parent.yamini.avula180@telanganaparents.org,MOTHER,ACTIVE
GRD181,Kalyan,Siripuram,MALE,1978-02-14,9849000181,parent.vinay.siripuram181@telanganaparents.org,FATHER,ACTIVE
GRD182,Rakesh,Yerra,MALE,1977-03-15,9849000182,parent.deepika.yerra182@telanganaparents.org,FATHER,ACTIVE
GRD183,Pranathi,Goli,FEMALE,1976-04-16,9849000183,parent.sandeep.goli183@telanganaparents.org,MOTHER,ACTIVE
GRD184,Rahul,Sunkari,MALE,1983-05-17,9849000184,parent.harini.sunkari184@telanganaparents.org,FATHER,ACTIVE
GRD185,Eshwar,Mothukuri,MALE,1982-06-18,9849000185,parent.akhil.mothukuri185@telanganaparents.org,FATHER,ACTIVE
GRD186,Aadhya,Dasari,FEMALE,1981-07-19,9849000186,parent.meghana.dasari186@telanganaparents.org,MOTHER,ACTIVE
GRD187,Karthik,Challa,MALE,1980-08-20,9849000187,parent.praneeth.challa187@telanganaparents.org,FATHER,ACTIVE
GRD188,Yashwanth,Boya,MALE,1979-09-21,9849000188,parent.vandana.boya188@telanganaparents.org,FATHER,ACTIVE
GRD189,Pooja,Kammari,FEMALE,1978-10-22,9849000189,parent.yashwanth.kammari189@telanganaparents.org,MOTHER,ACTIVE
GRD190,Rishi,Vangala,MALE,1977-11-23,9849000190,parent.kavya.vangala190@telanganaparents.org,FATHER,ACTIVE
GRD191,Vijay,Nallam,MALE,1976-12-24,9849000191,parent.venkatesh.nallam191@telanganaparents.org,FATHER,ACTIVE
GRD192,Ramya,Katakam,FEMALE,1983-01-25,9849000192,parent.srini.katakam192@telanganaparents.org,MOTHER,ACTIVE
GRD193,Vignesh,Gampa,MALE,1982-02-26,9849000193,parent.uday.gampa193@telanganaparents.org,FATHER,ACTIVE
GRD194,Dhanush,Peddinti,MALE,1981-03-27,9849000194,parent.pravallika.peddinti194@telanganaparents.org,FATHER,ACTIVE
GRD195,Kavya,Komuravelli,FEMALE,1980-04-28,9849000195,parent.goutham.komuravelli195@telanganaparents.org,MOTHER,ACTIVE
GRD196,Akhil,Polisetty,MALE,1979-05-01,9849000196,parent.harini.polisetty196@telanganaparents.org,FATHER,ACTIVE
GRD197,Vikram,Katta,MALE,1978-06-02,9849000197,parent.srikanth.katta197@telanganaparents.org,FATHER,ACTIVE
GRD198,Amrutha,Chilukuri,FEMALE,1977-07-03,9849000198,parent.radhika.chilukuri198@telanganaparents.org,MOTHER,ACTIVE
GRD199,Naveen,Medasani,MALE,1976-08-04,9849000199,parent.vikram.medasani199@telanganaparents.org,FATHER,ACTIVE
GRD200,Akhil,Nimmagadda,MALE,1983-09-05,9849000200,parent.amrutha.nimmagadda200@telanganaparents.org,FATHER,ACTIVE
GRD201,Pranathi,Rao,FEMALE,1982-10-06,9849000201,parent.srikanth.rao201@telanganaparents.org,MOTHER,ACTIVE
GRD202,Sarath,Reddy,MALE,1981-11-07,9849000202,parent.pratyusha.reddy202@telanganaparents.org,FATHER,ACTIVE
GRD203,Akhil,Sharma,MALE,1980-12-08,9849000203,parent.eshwar.sharma203@telanganaparents.org,FATHER,ACTIVE
GRD204,Pratyusha,Goud,FEMALE,1979-01-09,9849000204,parent.vennela.goud204@telanganaparents.org,MOTHER,ACTIVE
GRD205,Ganesh,Chowdary,MALE,1978-02-10,9849000205,parent.arjun.chowdary205@telanganaparents.org,FATHER,ACTIVE
GRD206,Srinivas,Varma,MALE,1977-03-11,9849000206,parent.ananya.varma206@telanganaparents.org,FATHER,ACTIVE
GRD207,Shravani,Naidu,FEMALE,1976-04-12,9849000207,parent.anirudh.naidu207@telanganaparents.org,MOTHER,ACTIVE
GRD208,Kalyan,Gupta,MALE,1983-05-13,9849000208,parent.swathi.gupta208@telanganaparents.org,FATHER,ACTIVE
GRD209,Chaitanya,Murthy,MALE,1982-06-14,9849000209,parent.rahul.murthy209@telanganaparents.org,FATHER,ACTIVE
GRD210,Tanmayi,Sastry,FEMALE,1981-07-15,9849000210,parent.varshini.sastry210@telanganaparents.org,MOTHER,ACTIVE
GRD211,Kalyan,Babu,MALE,1980-08-16,9849000211,parent.siddharth.babu211@telanganaparents.org,FATHER,ACTIVE
GRD212,Srinivas,Yadav,MALE,1979-09-17,9849000212,parent.ruchitha.yadav212@telanganaparents.org,FATHER,ACTIVE
GRD213,Sameera,Patel,FEMALE,1978-10-18,9849000213,parent.aditya.patel213@telanganaparents.org,MOTHER,ACTIVE
GRD214,Rakesh,Venkatesh,MALE,1977-11-19,9849000214,parent.anusha.venkatesh214@telanganaparents.org,FATHER,ACTIVE
GRD215,Srikanth,Vemula,MALE,1976-12-20,9849000215,parent.uday.vemula215@telanganaparents.org,FATHER,ACTIVE
GRD216,Priyanka,Bandi,FEMALE,1983-01-21,9849000216,parent.rashmitha.bandi216@telanganaparents.org,MOTHER,ACTIVE
GRD217,Karthik,Kandula,MALE,1982-02-22,9849000217,parent.naveen.kandula217@telanganaparents.org,FATHER,ACTIVE
GRD218,Uday,Gudepu,MALE,1981-03-23,9849000218,parent.harini.gudepu218@telanganaparents.org,FATHER,ACTIVE
GRD219,Krithi,Singireddy,FEMALE,1980-04-24,9849000219,parent.vignesh.singireddy219@telanganaparents.org,MOTHER,ACTIVE
GRD220,Karthik,Pothula,MALE,1979-05-25,9849000220,parent.ishwarya.pothula220@telanganaparents.org,FATHER,ACTIVE
GRD221,Deepak,Kondapalli,MALE,1978-06-26,9849000221,parent.rahul.kondapalli221@telanganaparents.org,FATHER,ACTIVE
GRD222,Sanjana,Malkapuram,FEMALE,1977-07-27,9849000222,parent.sharanya.malkapuram222@telanganaparents.org,MOTHER,ACTIVE
GRD223,Sai,Chintala,MALE,1976-08-28,9849000223,parent.manoj.chintala223@telanganaparents.org,FATHER,ACTIVE
GRD224,Vinay,Gaddam,MALE,1983-09-01,9849000224,parent.krithi.gaddam224@telanganaparents.org,FATHER,ACTIVE
GRD225,Aadhya,Boddu,FEMALE,1982-10-02,9849000225,parent.anirudh.boddu225@telanganaparents.org,MOTHER,ACTIVE
GRD226,Surya,Maddela,MALE,1981-11-03,9849000226,parent.pooja.maddela226@telanganaparents.org,FATHER,ACTIVE
GRD227,Bhavan,Komati,MALE,1980-12-04,9849000227,parent.siddharth.komati227@telanganaparents.org,FATHER,ACTIVE
GRD228,Radhika,Narra,FEMALE,1979-01-05,9849000228,parent.ananya.narra228@telanganaparents.org,MOTHER,ACTIVE
GRD229,Santosh,Thota,MALE,1978-02-06,9849000229,parent.harsha.thota229@telanganaparents.org,FATHER,ACTIVE
GRD230,Deepak,Avula,MALE,1977-03-07,9849000230,parent.jahnavi.avula230@telanganaparents.org,FATHER,ACTIVE
GRD231,Tanmayi,Siripuram,FEMALE,1976-04-08,9849000231,parent.pavan.siripuram231@telanganaparents.org,MOTHER,ACTIVE
GRD232,Kalyan,Yerra,MALE,1983-05-09,9849000232,parent.ananya.yerra232@telanganaparents.org,FATHER,ACTIVE
GRD233,Lokesh,Goli,MALE,1982-06-10,9849000233,parent.pranav.goli233@telanganaparents.org,FATHER,ACTIVE
GRD234,Pavani,Sunkari,FEMALE,1981-07-11,9849000234,parent.deepika.sunkari234@telanganaparents.org,MOTHER,ACTIVE
GRD235,Satish,Mothukuri,MALE,1980-08-12,9849000235,parent.manish.mothukuri235@telanganaparents.org,FATHER,ACTIVE
GRD236,Manoj,Dasari,MALE,1979-09-13,9849000236,parent.sirisha.dasari236@telanganaparents.org,FATHER,ACTIVE
GRD237,Yamini,Challa,FEMALE,1978-10-14,9849000237,parent.surya.challa237@telanganaparents.org,MOTHER,ACTIVE
GRD238,Teja,Boya,MALE,1977-11-15,9849000238,parent.sruthi.boya238@telanganaparents.org,FATHER,ACTIVE
GRD239,Aarav,Kammari,MALE,1976-12-16,9849000239,parent.sarath.kammari239@telanganaparents.org,FATHER,ACTIVE
GRD240,Sucharitha,Vangala,FEMALE,1983-01-17,9849000240,parent.sharanya.vangala240@telanganaparents.org,MOTHER,ACTIVE
GRD241,Manoj,Nallam,MALE,1981-02-18,9849000241,parent.shashi.nallam241@telanganaparents.org,FATHER,ACTIVE
GRD242,Uday,Katakam,MALE,1980-03-19,9849000242,parent.vandana.katakam242@telanganaparents.org,FATHER,ACTIVE
GRD243,Varshini,Gampa,FEMALE,1979-04-20,9849000243,parent.bhavan.gampa243@telanganaparents.org,MOTHER,ACTIVE
GRD244,Deepak,Peddinti,MALE,1978-05-21,9849000244,parent.tanmayi.peddinti244@telanganaparents.org,FATHER,ACTIVE
GRD245,Chaitanya,Komuravelli,MALE,1977-06-22,9849000245,parent.karthik.komuravelli245@telanganaparents.org,FATHER,ACTIVE
GRD246,Archana,Polisetty,FEMALE,1976-07-23,9849000246,parent.tanmayi.polisetty246@telanganaparents.org,MOTHER,ACTIVE
GRD247,Shashi,Katta,MALE,1975-08-24,9849000247,parent.vikram.katta247@telanganaparents.org,FATHER,ACTIVE
GRD248,Koushik,Chilukuri,MALE,1982-09-25,9849000248,parent.chandana.chilukuri248@telanganaparents.org,FATHER,ACTIVE
GRD249,Sahithi,Medasani,FEMALE,1981-10-26,9849000249,parent.lokesh.medasani249@telanganaparents.org,MOTHER,ACTIVE
GRD250,Vignesh,Nimmagadda,MALE,1980-11-27,9849000250,parent.harini.nimmagadda250@telanganaparents.org,FATHER,ACTIVE
GRD251,Harsha,Rao,MALE,1979-12-28,9849000251,parent.nikhil.rao251@telanganaparents.org,FATHER,ACTIVE
GRD252,Sandhya,Reddy,FEMALE,1978-01-01,9849000252,parent.shravani.reddy252@telanganaparents.org,MOTHER,ACTIVE
GRD253,Santosh,Sharma,MALE,1977-02-02,9849000253,parent.karthik.sharma253@telanganaparents.org,FATHER,ACTIVE
GRD254,Karthik,Goud,MALE,1976-03-03,9849000254,parent.pravallika.goud254@telanganaparents.org,FATHER,ACTIVE
GRD255,Anusha,Chowdary,FEMALE,1975-04-04,9849000255,parent.akhil.chowdary255@telanganaparents.org,MOTHER,ACTIVE
GRD256,Rishi,Varma,MALE,1982-05-05,9849000256,parent.sandhya.varma256@telanganaparents.org,FATHER,ACTIVE
GRD257,Koushik,Naidu,MALE,1981-06-06,9849000257,parent.manish.naidu257@telanganaparents.org,FATHER,ACTIVE
GRD258,Aadhya,Gupta,FEMALE,1980-07-07,9849000258,parent.alekhya.gupta258@telanganaparents.org,MOTHER,ACTIVE
GRD259,Vishnu,Murthy,MALE,1979-08-08,9849000259,parent.nikhil.murthy259@telanganaparents.org,FATHER,ACTIVE
GRD260,Tarun,Sastry,MALE,1978-09-09,9849000260,parent.bhavya.sastry260@telanganaparents.org,FATHER,ACTIVE
GRD261,Deepika,Babu,FEMALE,1977-10-10,9849000261,parent.karthik.babu261@telanganaparents.org,MOTHER,ACTIVE
GRD262,Rohit,Yadav,MALE,1976-11-11,9849000262,parent.spandana.yadav262@telanganaparents.org,FATHER,ACTIVE
GRD263,Vignesh,Patel,MALE,1975-12-12,9849000263,parent.shashi.patel263@telanganaparents.org,FATHER,ACTIVE
GRD264,Ramya,Venkatesh,FEMALE,1982-01-13,9849000264,parent.pallavi.venkatesh264@telanganaparents.org,MOTHER,ACTIVE
GRD265,Chaitanya,Vemula,MALE,1981-02-14,9849000265,parent.aarav.vemula265@telanganaparents.org,FATHER,ACTIVE
GRD266,Venkatesh,Bandi,MALE,1980-03-15,9849000266,parent.ananya.bandi266@telanganaparents.org,FATHER,ACTIVE
GRD267,Radhika,Kandula,FEMALE,1979-04-16,9849000267,parent.dhanush.kandula267@telanganaparents.org,MOTHER,ACTIVE
GRD268,Manish,Gudepu,MALE,1978-05-17,9849000268,parent.alekhya.gudepu268@telanganaparents.org,FATHER,ACTIVE
GRD269,Srikanth,Singireddy,MALE,1977-06-18,9849000269,parent.pranav.singireddy269@telanganaparents.org,FATHER,ACTIVE
GRD270,Chandana,Pothula,FEMALE,1976-07-19,9849000270,parent.ramya.pothula270@telanganaparents.org,MOTHER,ACTIVE
GRD271,Deepak,Kondapalli,MALE,1975-08-20,9849000271,parent.rishi.kondapalli271@telanganaparents.org,FATHER,ACTIVE
GRD272,Manoj,Malkapuram,MALE,1982-09-21,9849000272,parent.alekhya.malkapuram272@telanganaparents.org,FATHER,ACTIVE
GRD273,Tejaswi,Chintala,FEMALE,1981-10-22,9849000273,parent.pranav.chintala273@telanganaparents.org,MOTHER,ACTIVE
GRD274,Yashwanth,Gaddam,MALE,1980-11-23,9849000274,parent.vandana.gaddam274@telanganaparents.org,FATHER,ACTIVE
GRD275,Pavan,Boddu,MALE,1979-12-24,9849000275,parent.aditya.boddu275@telanganaparents.org,FATHER,ACTIVE
GRD276,Shravani,Maddela,FEMALE,1978-01-25,9849000276,parent.harini.maddela276@telanganaparents.org,MOTHER,ACTIVE
GRD277,Uday,Komati,MALE,1977-02-26,9849000277,parent.kalyan.komati277@telanganaparents.org,FATHER,ACTIVE
GRD278,Pavan,Narra,MALE,1976-03-27,9849000278,parent.archana.narra278@telanganaparents.org,FATHER,ACTIVE
GRD279,Ramya,Thota,FEMALE,1975-04-28,9849000279,parent.vishnu.thota279@telanganaparents.org,MOTHER,ACTIVE
GRD280,Rakesh,Avula,MALE,1982-05-01,9849000280,parent.tanmayi.avula280@telanganaparents.org,FATHER,ACTIVE
GRD281,Vikram,Siripuram,MALE,1981-06-02,9849000281,parent.surya.siripuram281@telanganaparents.org,FATHER,ACTIVE
GRD282,Vandana,Yerra,FEMALE,1980-07-03,9849000282,parent.chandana.yerra282@telanganaparents.org,MOTHER,ACTIVE
GRD283,Eshwar,Goli,MALE,1979-08-04,9849000283,parent.kalyan.goli283@telanganaparents.org,FATHER,ACTIVE
GRD284,Chandra,Sunkari,MALE,1978-09-05,9849000284,parent.yamini.sunkari284@telanganaparents.org,FATHER,ACTIVE
GRD285,Divya,Mothukuri,FEMALE,1977-10-06,9849000285,parent.chandra.mothukuri285@telanganaparents.org,MOTHER,ACTIVE
GRD286,Rakesh,Dasari,MALE,1976-11-07,9849000286,parent.tanmayi.dasari286@telanganaparents.org,FATHER,ACTIVE
GRD287,Ganesh,Challa,MALE,1975-12-08,9849000287,parent.abhinav.challa287@telanganaparents.org,FATHER,ACTIVE
GRD288,Vandana,Boya,FEMALE,1982-01-09,9849000288,parent.spandana.boya288@telanganaparents.org,MOTHER,ACTIVE
GRD289,Yashwanth,Kammari,MALE,1981-02-10,9849000289,parent.nikhil.kammari289@telanganaparents.org,FATHER,ACTIVE
GRD290,Rakesh,Vangala,MALE,1980-03-11,9849000290,parent.vandana.vangala290@telanganaparents.org,FATHER,ACTIVE
GRD291,Sharanya,Nallam,FEMALE,1979-04-12,9849000291,parent.chandra.nallam291@telanganaparents.org,MOTHER,ACTIVE
GRD292,Vikram,Katakam,MALE,1978-05-13,9849000292,parent.swathi.katakam292@telanganaparents.org,FATHER,ACTIVE
GRD293,Kalyan,Gampa,MALE,1977-06-14,9849000293,parent.chandra.gampa293@telanganaparents.org,FATHER,ACTIVE
GRD294,Deepika,Peddinti,FEMALE,1976-07-15,9849000294,parent.jyothi.peddinti294@telanganaparents.org,MOTHER,ACTIVE
GRD295,Venkatesh,Komuravelli,MALE,1975-08-16,9849000295,parent.yashwanth.komuravelli295@telanganaparents.org,FATHER,ACTIVE
GRD296,Praneeth,Polisetty,MALE,1982-09-17,9849000296,parent.archana.polisetty296@telanganaparents.org,FATHER,ACTIVE
GRD297,Supriya,Katta,FEMALE,1981-10-18,9849000297,parent.aditya.katta297@telanganaparents.org,MOTHER,ACTIVE
GRD298,Hemant,Chilukuri,MALE,1980-11-19,9849000298,parent.pranathi.chilukuri298@telanganaparents.org,FATHER,ACTIVE
GRD299,Madhav,Medasani,MALE,1979-12-20,9849000299,parent.goutham.medasani299@telanganaparents.org,FATHER,ACTIVE
GRD300,Pooja,Nimmagadda,FEMALE,1978-01-21,9849000300,parent.vaishnavi.nimmagadda300@telanganaparents.org,MOTHER,ACTIVE
GRD301,Manoj,Rao,MALE,1976-02-22,9849000301,parent.pavan.rao301@telanganaparents.org,FATHER,ACTIVE
GRD302,Yashwanth,Reddy,MALE,1975-03-23,9849000302,parent.sucharitha.reddy302@telanganaparents.org,FATHER,ACTIVE
GRD303,Harshini,Sharma,FEMALE,1974-04-24,9849000303,parent.hemant.sharma303@telanganaparents.org,MOTHER,ACTIVE
GRD304,Uday,Goud,MALE,1981-05-25,9849000304,parent.aakanksha.goud304@telanganaparents.org,FATHER,ACTIVE
GRD305,Rahul,Chowdary,MALE,1980-06-26,9849000305,parent.goutham.chowdary305@telanganaparents.org,FATHER,ACTIVE
GRD306,Jyothi,Varma,FEMALE,1979-07-27,9849000306,parent.lavanya.varma306@telanganaparents.org,MOTHER,ACTIVE
GRD307,Vishnu,Naidu,MALE,1978-08-28,9849000307,parent.anirudh.naidu307@telanganaparents.org,FATHER,ACTIVE
GRD308,Pavan,Gupta,MALE,1977-09-01,9849000308,parent.jyothi.gupta308@telanganaparents.org,FATHER,ACTIVE
GRD309,Pratyusha,Murthy,FEMALE,1976-10-02,9849000309,parent.teja.murthy309@telanganaparents.org,MOTHER,ACTIVE
GRD310,Varun,Sastry,MALE,1975-11-03,9849000310,parent.navya.sastry310@telanganaparents.org,FATHER,ACTIVE
GRD311,Satish,Babu,MALE,1974-12-04,9849000311,parent.manish.babu311@telanganaparents.org,FATHER,ACTIVE
GRD312,Varshini,Yadav,FEMALE,1981-01-05,9849000312,parent.lavanya.yadav312@telanganaparents.org,MOTHER,ACTIVE
GRD313,Chaitanya,Patel,MALE,1980-02-06,9849000313,parent.abhinav.patel313@telanganaparents.org,FATHER,ACTIVE
GRD314,Karthik,Venkatesh,MALE,1979-03-07,9849000314,parent.tanmayi.venkatesh314@telanganaparents.org,FATHER,ACTIVE
GRD315,Ruchitha,Vemula,FEMALE,1978-04-08,9849000315,parent.ganesh.vemula315@telanganaparents.org,MOTHER,ACTIVE
GRD316,Karthik,Bandi,MALE,1977-05-09,9849000316,parent.vennela.bandi316@telanganaparents.org,FATHER,ACTIVE
GRD317,Bhavan,Kandula,MALE,1976-06-10,9849000317,parent.aditya.kandula317@telanganaparents.org,FATHER,ACTIVE
GRD318,Pallavi,Gudepu,FEMALE,1975-07-11,9849000318,parent.sahithi.gudepu318@telanganaparents.org,MOTHER,ACTIVE
GRD319,Vijay,Singireddy,MALE,1974-08-12,9849000319,parent.pavan.singireddy319@telanganaparents.org,FATHER,ACTIVE
GRD320,Naveen,Pothula,MALE,1981-09-13,9849000320,parent.srini.pothula320@telanganaparents.org,FATHER,ACTIVE
GRD321,Sahithi,Kondapalli,FEMALE,1980-10-14,9849000321,parent.rishi.kondapalli321@telanganaparents.org,MOTHER,ACTIVE
GRD322,Santosh,Malkapuram,MALE,1979-11-15,9849000322,parent.yamini.malkapuram322@telanganaparents.org,FATHER,ACTIVE
GRD323,Praneeth,Chintala,MALE,1978-12-16,9849000323,parent.chaitanya.chintala323@telanganaparents.org,FATHER,ACTIVE
GRD324,Rashmitha,Gaddam,FEMALE,1977-01-17,9849000324,parent.tejaswi.gaddam324@telanganaparents.org,MOTHER,ACTIVE
GRD325,Karthik,Boddu,MALE,1976-02-18,9849000325,parent.goutham.boddu325@telanganaparents.org,FATHER,ACTIVE
GRD326,Vignesh,Maddela,MALE,1975-03-19,9849000326,parent.alekhya.maddela326@telanganaparents.org,FATHER,ACTIVE
GRD327,Aadhya,Komati,FEMALE,1974-04-20,9849000327,parent.rishi.komati327@telanganaparents.org,MOTHER,ACTIVE
GRD328,Chandra,Narra,MALE,1981-05-21,9849000328,parent.priyanka.narra328@telanganaparents.org,FATHER,ACTIVE
GRD329,Varun,Thota,MALE,1980-06-22,9849000329,parent.satish.thota329@telanganaparents.org,FATHER,ACTIVE
GRD330,Varshini,Avula,FEMALE,1979-07-23,9849000330,parent.sneha.avula330@telanganaparents.org,MOTHER,ACTIVE
GRD331,Vikram,Siripuram,MALE,1978-08-24,9849000331,parent.vikram.siripuram331@telanganaparents.org,FATHER,ACTIVE
GRD332,Goutham,Yerra,MALE,1977-09-25,9849000332,parent.sharanya.yerra332@telanganaparents.org,FATHER,ACTIVE
GRD333,Pallavi,Goli,FEMALE,1976-10-26,9849000333,parent.pranav.goli333@telanganaparents.org,MOTHER,ACTIVE
GRD334,Uday,Sunkari,MALE,1975-11-27,9849000334,parent.ananya.sunkari334@telanganaparents.org,FATHER,ACTIVE
GRD335,Surya,Mothukuri,MALE,1974-12-28,9849000335,parent.nikhil.mothukuri335@telanganaparents.org,FATHER,ACTIVE
GRD336,Sharanya,Dasari,FEMALE,1981-01-01,9849000336,parent.krithi.dasari336@telanganaparents.org,MOTHER,ACTIVE
GRD337,Vijay,Challa,MALE,1980-02-02,9849000337,parent.chaitanya.challa337@telanganaparents.org,FATHER,ACTIVE
GRD338,Manoj,Boya,MALE,1979-03-03,9849000338,parent.tejaswi.boya338@telanganaparents.org,FATHER,ACTIVE
GRD339,Keerthi,Kammari,FEMALE,1978-04-04,9849000339,parent.santosh.kammari339@telanganaparents.org,MOTHER,ACTIVE
GRD340,Rakesh,Vangala,MALE,1977-05-05,9849000340,parent.sharanya.vangala340@telanganaparents.org,FATHER,ACTIVE
GRD341,Rahul,Nallam,MALE,1976-06-06,9849000341,parent.naveen.nallam341@telanganaparents.org,FATHER,ACTIVE
GRD342,Kavya,Katakam,FEMALE,1975-07-07,9849000342,parent.sindhu.katakam342@telanganaparents.org,MOTHER,ACTIVE
GRD343,Deepak,Gampa,MALE,1974-08-08,9849000343,parent.shashi.gampa343@telanganaparents.org,FATHER,ACTIVE
GRD344,Rakesh,Peddinti,MALE,1981-09-09,9849000344,parent.geetha.peddinti344@telanganaparents.org,FATHER,ACTIVE
GRD345,Varshini,Komuravelli,FEMALE,1980-10-10,9849000345,parent.uday.komuravelli345@telanganaparents.org,MOTHER,ACTIVE
GRD346,Varun,Polisetty,MALE,1979-11-11,9849000346,parent.meghana.polisetty346@telanganaparents.org,FATHER,ACTIVE
GRD347,Ganesh,Katta,MALE,1978-12-12,9849000347,parent.vikram.katta347@telanganaparents.org,FATHER,ACTIVE
GRD348,Rashmitha,Chilukuri,FEMALE,1977-01-13,9849000348,parent.sameera.chilukuri348@telanganaparents.org,MOTHER,ACTIVE
GRD349,Rahul,Medasani,MALE,1976-02-14,9849000349,parent.manoj.medasani349@telanganaparents.org,FATHER,ACTIVE
GRD350,Manish,Nimmagadda,MALE,1975-03-15,9849000350,parent.ramya.nimmagadda350@telanganaparents.org,FATHER,ACTIVE
GRD351,Keerthi,Rao,FEMALE,1974-04-16,9849000351,parent.aarav.rao351@telanganaparents.org,MOTHER,ACTIVE
GRD352,Harsha,Reddy,MALE,1981-05-17,9849000352,parent.kavya.reddy352@telanganaparents.org,FATHER,ACTIVE
GRD353,Yashwanth,Sharma,MALE,1980-06-18,9849000353,parent.rishi.sharma353@telanganaparents.org,FATHER,ACTIVE
GRD354,Sahithi,Goud,FEMALE,1979-07-19,9849000354,parent.ruchitha.goud354@telanganaparents.org,MOTHER,ACTIVE
GRD355,Naveen,Chowdary,MALE,1978-08-20,9849000355,parent.teja.chowdary355@telanganaparents.org,FATHER,ACTIVE
GRD356,Rohit,Varma,MALE,1977-09-21,9849000356,parent.pooja.varma356@telanganaparents.org,FATHER,ACTIVE
GRD357,Shravani,Naidu,FEMALE,1976-10-22,9849000357,parent.rohit.naidu357@telanganaparents.org,MOTHER,ACTIVE
GRD358,Santosh,Gupta,MALE,1975-11-23,9849000358,parent.harini.gupta358@telanganaparents.org,FATHER,ACTIVE
GRD359,Yashwanth,Murthy,MALE,1974-12-24,9849000359,parent.sameer.murthy359@telanganaparents.org,FATHER,ACTIVE
GRD360,Vennela,Sastry,FEMALE,1981-01-25,9849000360,parent.tejaswi.sastry360@telanganaparents.org,MOTHER,ACTIVE
