first_name,last_name,gender,date_of_birth,admission_number,roll_number,admission_date,academic_year_id,class_id,section_id,aadhaar_number
,Doe,MALE,2015-05-15,ADM1,2,2026-06-01,f804ae76-8b6f-4053-bd97-1fa203f163e7,9bac9955-72f1-4939-83ff-2093e70b52fe,6f87c5fb-9226-41a6-993e-066e1108ff0a,
John,Doe,INVALID_G,2015-05-15,ADM2,3,2026-06-01,f804ae76-8b6f-4053-bd97-1fa203f163e7,9bac9955-72f1-4939-83ff-2093e70b52fe,6f87c5fb-9226-41a6-993e-066e1108ff0a,
John,Doe,MALE,2015/05/15,ADM3,4,2026-06-01,f804ae76-8b6f-4053-bd97-1fa203f163e7,9bac9955-72f1-4939-83ff-2093e70b52fe,6f87c5fb-9226-41a6-993e-066e1108ff0a,
John,Doe,MALE,2015-05-15,ADM_DUPCSV,5,2026-06-01,f804ae76-8b6f-4053-bd97-1fa203f163e7,9bac9955-72f1-4939-83ff-2093e70b52fe,6f87c5fb-9226-41a6-993e-066e1108ff0a,
Jane,Doe,FEMALE,2016-04-12,ADM_DUPCSV,6,2026-06-01,f804ae76-8b6f-4053-bd97-1fa203f163e7,9bac9955-72f1-4939-83ff-2093e70b52fe,6f87c5fb-9226-41a6-993e-066e1108ff0a,
John,Doe,MALE,2015-05-15,ADM_ACTIVE,7,2026-06-01,f804ae76-8b6f-4053-bd97-1fa203f163e7,9bac9955-72f1-4939-83ff-2093e70b52fe,6f87c5fb-9226-41a6-993e-066e1108ff0a,
John,Doe,MALE,2015-05-15,ADM_DELETED,8,2026-06-01,f804ae76-8b6f-4053-bd97-1fa203f163e7,9bac9955-72f1-4939-83ff-2093e70b52fe,6f87c5fb-9226-41a6-993e-066e1108ff0a,
John,Doe,MALE,2015-05-15,ADM7,9,2026-06-01,f804ae76-8b6f-4053-bd97-1fa203f163e7,9bac9955-72f1-4939-83ff-2093e70b52fe,6f87c5fb-9226-41a6-993e-066e1108ff0a,123456789012
John,Doe,MALE,2015-05-15,ADM8,10,2026-06-01,f804ae76-8b6f-4053-bd97-1fa203f163e7,9bac9955-72f1-4939-83ff-2093e70b52fe,6f87c5fb-9226-41a6-993e-066e1108ff0a,
