guardian_id,guardian_type,first_name,last_name,gender,date_of_birth,mobile,email
G_CH1,FATHER,Chunk1,Test,MALE,1980-01-01,9876543001,chunk1@test.com
G_CH2,FATHER,Chunk2,Test,MALE,1980-01-01,9876543002,chunk2@test.com
G_CH3,FATHER,Chunk3,Test,MALE,1980-01-01,9876543003,chunk3@test.com
G_CH4,FATHER,Chunk4,Test,MALE,1980-01-01,9876543004,chunk4@test.com
G_CH5,FATHER,Chunk5,Test,MALE,1980-01-01,9876543005,chunk5@test.com
G_CH6,FATHER,Chunk6,Test,MALE,1980-01-01,9876543006,chunk6@test.com
G_CH7,FATHER,Chunk7,Test,MALE,1980-01-01,9876543007,chunk7@test.com
G_CH8,FATHER,Chunk8,Test,MALE,1980-01-01,9876543008,chunk8@test.com
G_CH9,FATHER,Chunk9,Test,MALE,1980-01-01,9876543009,chunk9@test.com
G_CH10,FATHER,Chunk10,Test,MALE,1980-01-01,9876543010,chunk10@test.com
G_CH11,FATHER,Chunk11,Test,MALE,1980-01-01,9876543011,chunk11@test.com
G_CH12,FATHER,Chunk12,Test,MALE,1980-01-01,9876543012,chunk12@test.com
G_CH13,FATHER,Chunk13,Test,MALE,1980-01-01,9876543013,chunk13@test.com
G_CH14,FATHER,Chunk14,Test,MALE,1980-01-01,9876543014,chunk14@test.com
G_CH15,FATHER,Chunk15,Test,MALE,1980-01-01,9876543015,chunk15@test.com
G_CH16,FATHER,Chunk16,Test,MALE,1980-01-01,9876543016,chunk16@test.com
G_CH17,FATHER,Chunk17,Test,MALE,1980-01-01,9876543017,chunk17@test.com
G_CH18,FATHER,Chunk18,Test,MALE,1980-01-01,9876543018,chunk18@test.com
G_CH19,FATHER,Chunk19,Test,MALE,1980-01-01,9876543019,chunk19@test.com
G_CH20,FATHER,Chunk20,Test,MALE,1980-01-01,9876543020,chunk20@test.com
G_CH21,FATHER,Chunk21,Test,MALE,1980-01-01,9876543021,chunk21@test.com
G_CH22,FATHER,Chunk22,Test,MALE,1980-01-01,9876543022,chunk22@test.com
G_CH23,FATHER,Chunk23,Test,MALE,1980-01-01,9876543023,chunk23@test.com
G_CH24,FATHER,Chunk24,Test,MALE,1980-01-01,9876543024,chunk24@test.com
G_CH25,FATHER,Chunk25,Test,MALE,1980-01-01,9876543025,chunk25@test.com
G_CH26,FATHER,Chunk26,Test,MALE,1980-01-01,9876543026,chunk26@test.com
G_CH27,FATHER,Chunk27,Test,MALE,1980-01-01,9876543027,chunk27@test.com
G_CH28,FATHER,Chunk28,Test,MALE,1980-01-01,9876543028,chunk28@test.com
G_CH29,FATHER,Chunk29,Test,MALE,1980-01-01,9876543029,chunk29@test.com
G_CH30,FATHER,Chunk30,Test,MALE,1980-01-01,9876543030,chunk30@test.com
G_CH31,FATHER,Chunk31,Test,MALE,1980-01-01,9876543031,chunk31@test.com
G_CH32,FATHER,Chunk32,Test,MALE,1980-01-01,9876543032,chunk32@test.com
G_CH33,FATHER,Chunk33,Test,MALE,1980-01-01,9876543033,chunk33@test.com
G_CH34,FATHER,Chunk34,Test,MALE,1980-01-01,9876543034,chunk34@test.com
G_CH35,FATHER,Chunk35,Test,MALE,1980-01-01,9876543035,chunk35@test.com
G_CH36,FATHER,Chunk36,Test,MALE,1980-01-01,9876543036,chunk36@test.com
G_CH37,FATHER,Chunk37,Test,MALE,1980-01-01,9876543037,chunk37@test.com
G_CH38,FATHER,Chunk38,Test,MALE,1980-01-01,9876543038,chunk38@test.com
G_CH39,FATHER,Chunk39,Test,MALE,1980-01-01,9876543039,chunk39@test.com
G_CH40,FATHER,Chunk40,Test,MALE,1980-01-01,9876543040,chunk40@test.com
G_CH41,FATHER,Chunk41,Test,MALE,1980-01-01,9876543041,chunk41@test.com
G_CH42,FATHER,Chunk42,Test,MALE,1980-01-01,9876543042,chunk42@test.com
G_CH43,FATHER,Chunk43,Test,MALE,1980-01-01,9876543043,chunk43@test.com
G_CH44,FATHER,Chunk44,Test,MALE,1980-01-01,9876543044,chunk44@test.com
G_CH45,FATHER,Chunk45,Test,MALE,1980-01-01,9876543045,chunk45@test.com
G_CH46,FATHER,Chunk46,Test,MALE,1980-01-01,9876543046,chunk46@test.com
G_CH47,FATHER,Chunk47,Test,MALE,1980-01-01,9876543047,chunk47@test.com
G_CH48,FATHER,Chunk48,Test,MALE,1980-01-01,9876543048,chunk48@test.com
G_CH49,FATHER,Chunk49,Test,MALE,1980-01-01,9876543049,chunk49@test.com
G_CH50,FATHER,Chunk50,Test,MALE,1980-01-01,9876543050,chunk50@test.com
G_CH51,FATHER,Chunk51,Test,MALE,1980-01-01,9876543051,chunk51@test.com
G_CH52,FATHER,Chunk52,Test,MALE,1980-01-01,9876543052,chunk52@test.com
G_CH53,FATHER,Chunk53,Test,MALE,1980-01-01,9876543053,chunk53@test.com
G_CH54,FATHER,Chunk54,Test,MALE,1980-01-01,9876543054,chunk54@test.com
G_CH55,FATHER,Chunk55,Test,MALE,1980-01-01,9876543055,chunk55@test.com
G_CH56,FATHER,Chunk56,Test,MALE,1980-01-01,9876543056,chunk56@test.com
G_CH57,FATHER,Chunk57,Test,MALE,1980-01-01,9876543057,chunk57@test.com
G_CH58,FATHER,Chunk58,Test,MALE,1980-01-01,9876543058,chunk58@test.com
G_CH59,FATHER,Chunk59,Test,MALE,1980-01-01,9876543059,chunk59@test.com
G_CH60,FATHER,Chunk60,Test,MALE,1980-01-01,9876543060,chunk60@test.com
G_CH61,FATHER,Chunk61,Test,MALE,1980-01-01,9876543061,chunk61@test.com
G_CH62,FATHER,Chunk62,Test,MALE,1980-01-01,9876543062,chunk62@test.com
G_CH63,FATHER,Chunk63,Test,MALE,1980-01-01,9876543063,chunk63@test.com
G_CH64,FATHER,Chunk64,Test,MALE,1980-01-01,9876543064,chunk64@test.com
G_CH65,FATHER,Chunk65,Test,MALE,1980-01-01,9876543065,chunk65@test.com
G_CH66,FATHER,Chunk66,Test,MALE,1980-01-01,9876543066,chunk66@test.com
G_CH67,FATHER,Chunk67,Test,MALE,1980-01-01,9876543067,chunk67@test.com
G_CH68,FATHER,Chunk68,Test,MALE,1980-01-01,9876543068,chunk68@test.com
G_CH69,FATHER,Chunk69,Test,MALE,1980-01-01,9876543069,chunk69@test.com
G_CH70,FATHER,Chunk70,Test,MALE,1980-01-01,9876543070,chunk70@test.com
G_CH71,FATHER,Chunk71,Test,MALE,1980-01-01,9876543071,chunk71@test.com
G_CH72,FATHER,Chunk72,Test,MALE,1980-01-01,9876543072,chunk72@test.com
G_CH73,FATHER,Chunk73,Test,MALE,1980-01-01,9876543073,chunk73@test.com
G_CH74,FATHER,Chunk74,Test,MALE,1980-01-01,9876543074,chunk74@test.com
G_CH75,FATHER,Chunk75,Test,MALE,1980-01-01,9876543075,chunk75@test.com
G_CH76,FATHER,Chunk76,Test,MALE,1980-01-01,9876543076,chunk76@test.com
G_CH77,FATHER,Chunk77,Test,MALE,1980-01-01,9876543077,chunk77@test.com
G_CH78,FATHER,Chunk78,Test,MALE,1980-01-01,9876543078,chunk78@test.com
G_CH79,FATHER,Chunk79,Test,MALE,1980-01-01,9876543079,chunk79@test.com
G_CH80,FATHER,Chunk80,Test,MALE,1980-01-01,9876543080,chunk80@test.com
G_CH81,FATHER,Chunk81,Test,MALE,1980-01-01,9876543081,chunk81@test.com
G_CH82,FATHER,Chunk82,Test,MALE,1980-01-01,9876543082,chunk82@test.com
G_CH83,FATHER,Chunk83,Test,MALE,1980-01-01,9876543083,chunk83@test.com
G_CH84,FATHER,Chunk84,Test,MALE,1980-01-01,9876543084,chunk84@test.com
G_CH85,FATHER,Chunk85,Test,MALE,1980-01-01,9876543085,chunk85@test.com
G_CH86,FATHER,Chunk86,Test,MALE,1980-01-01,9876543086,chunk86@test.com
G_CH87,FATHER,Chunk87,Test,MALE,1980-01-01,9876543087,chunk87@test.com
G_CH88,FATHER,Chunk88,Test,MALE,1980-01-01,9876543088,chunk88@test.com
G_CH89,FATHER,Chunk89,Test,MALE,1980-01-01,9876543089,chunk89@test.com
G_CH90,FATHER,Chunk90,Test,MALE,1980-01-01,9876543090,chunk90@test.com
G_CH91,FATHER,Chunk91,Test,MALE,1980-01-01,9876543091,chunk91@test.com
G_CH92,FATHER,Chunk92,Test,MALE,1980-01-01,9876543092,chunk92@test.com
G_CH93,FATHER,Chunk93,Test,MALE,1980-01-01,9876543093,chunk93@test.com
G_CH94,FATHER,Chunk94,Test,MALE,1980-01-01,9876543094,chunk94@test.com
G_CH95,FATHER,Chunk95,Test,MALE,1980-01-01,9876543095,chunk95@test.com
G_CH96,FATHER,Chunk96,Test,MALE,1980-01-01,9876543096,chunk96@test.com
G_CH97,FATHER,Chunk97,Test,MALE,1980-01-01,9876543097,chunk97@test.com
G_CH98,FATHER,Chunk98,Test,MALE,1980-01-01,9876543098,chunk98@test.com
G_CH99,FATHER,Chunk99,Test,MALE,1980-01-01,9876543099,chunk99@test.com
G_CH100,FATHER,Chunk100,Test,MALE,1980-01-01,9876543100,chunk100@test.com
G_CH101,FATHER,Chunk101,Test,MALE,1980-01-01,9876543101,chunk101@test.com
G_CH102,FATHER,Chunk102,Test,MALE,1980-01-01,9876543102,chunk102@test.com
G_CH103,FATHER,Chunk103,Test,MALE,1980-01-01,9876543103,chunk103@test.com
G_CH104,FATHER,Chunk104,Test,MALE,1980-01-01,9876543104,chunk104@test.com
G_CH105,FATHER,Chunk105,Test,MALE,1980-01-01,9876543105,chunk105@test.com